[{"gtin":"REFRIGERAT11","model":"KGN362LAF","brand":"Bosch","eprelCode":"2300513","countryOfProduction":"IT","energyClass":"A","capacity":"321 l","productName":"Frigorifero Bosch KGN362LAF 321 l","category":"REFRIGERATINGAPPL","productGroup":"refrigeratingappliances2019","productCode":"RA11"}
,{"gtin":"REFRIGERAT07","model":"LNT7MD58B 925993819","brand":"Electrolux","eprelCode":"2252830","countryOfProduction":"IT","energyClass":"D","capacity":"588 l","productName":"Frigorifero Electrolux LNT7MD58B 925993819 588 l","category":"REFRIGERATINGAPPL","productGroup":"refrigeratingappliances2019","productCode":"RA07"}
,{"gtin":"REFRIGERAT08","model":"XNE8202CK1 925993801","brand":"Electrolux","eprelCode":"2195374","countryOfProduction":"IT","energyClass":"C","capacity":"362 l","productName":"Frigorifero Electrolux XNE8202CK1 925993801 362 l","category":"REFRIGERATINGAPPL","productGroup":"refrigeratingappliances2019","productCode":"RA08"}
,{"gtin":"REFRIGERAT09","model":"XNE8187CK1 925993805","brand":"Electrolux","eprelCode":"2195377","countryOfProduction":"IT","energyClass":"C","capacity":"328 l","productName":"Frigorifero Electrolux XNE8187CK1 925993805 328 l","category":"REFRIGERATINGAPPL","productGroup":"refrigeratingappliances2019","productCode":"RA09"}
,{"gtin":"REFRIGERAT10","model":"XNE7187CW 925993718","brand":"Electrolux","eprelCode":"1958657","countryOfProduction":"IT","energyClass":"C","capacity":"328 l","productName":"Frigorifero Electrolux XNE7187CW 925993718 328 l","category":"REFRIGERATINGAPPL","productGroup":"refrigeratingappliances2019","productCode":"RA10"}
,{"gtin":"COOKINGHOBS01","model":"CH01","brand":"CH01","countryOfProduction":"IT","capacity":"N\\A","productName":"Piano cottura CH01 CH01","category":"COOKINGHOBS","productCode":"CH01"}
,{"gtin":"COOKINGHOBS02","model":"CH02","brand":"CH02","countryOfProduction":"IT","capacity":"N\\A","productName":"Piano cottura CH02 CH02","category":"COOKINGHOBS","productCode":"CH02"}
,{"gtin":"COOKINGHOBS03","model":"CH03","brand":"CH03","countryOfProduction":"IT","capacity":"N\\A","productName":"Piano cottura CH03 CH03","category":"COOKINGHOBS","productCode":"CH03"}
,{"gtin":"COOKINGHOBS04","model":"CH04","brand":"CH04","countryOfProduction":"IT","capacity":"N\\A","productName":"Piano cottura CH04 CH04","category":"COOKINGHOBS","productCode":"CH04"}
,{"gtin":"TUMBLEDRYERS01","model":"WQB246DLSN","brand":"Bosch","eprelCode":"2274343","countryOfProduction":"IT","energyClass":"B","capacity":"9 kg","productName":"Asciugatrice Bosch WQB246DLSN 9 kg","category":"TUMBLEDRYERS","productGroup":"tumbledryers20232534","productCode":"TD01"}
,{"gtin":"TUMBLEDRYERS02","model":"WQG243DR10","brand":"Bosch","eprelCode":"2274382","countryOfProduction":"IT","energyClass":"C","capacity":"9 kg","productName":"Asciugatrice Bosch WQG243DR10 9 kg","category":"TUMBLEDRYERS","productGroup":"tumbledryers20232534","productCode":"TD02"}
,{"gtin":"TUMBLEDRYERS03","model":"WQB246DNCS","brand":"Bosch","eprelCode":"2274348","countryOfProduction":"IT","energyClass":"B","capacity":"9 kg","productName":"Asciugatrice Bosch WQB246DNCS 9 kg","category":"TUMBLEDRYERS","productGroup":"tumbledryers20232534","productCode":"TD03"}
,{"gtin":"TUMBLEDRYERS05","model":"WQB246D0II","brand":"Bosch","eprelCode":"2274338","countryOfProduction":"IT","energyClass":"B","capacity":"9 kg","productName":"Asciugatrice Bosch WQB246D0II 9 kg","category":"TUMBLEDRYERS","productGroup":"tumbledryers20232534","productCode":"TD05"}
,{"gtin":"TUMBLEDRYERS06","model":"WQB246DASN","brand":"Bosch","eprelCode":"2274344","countryOfProduction":"IT","energyClass":"B","capacity":"9 kg","productName":"Asciugatrice Bosch WQB246DASN 9 kg","category":"TUMBLEDRYERS","productGroup":"tumbledryers20232534","productCode":"TD06"}
,{"gtin":"TUMBLEDRYERS07","model":"WQG233E4CH","brand":"Bosch","eprelCode":"2241379","countryOfProduction":"IT","energyClass":"C","capacity":"8 kg","productName":"Asciugatrice Bosch WQG233E4CH 8 kg","category":"TUMBLEDRYERS","productGroup":"tumbledryers20232534","productCode":"TD07"}
,{"gtin":"TUMBLEDRYERS08","model":"WQG243D8IT","brand":"Bosch","eprelCode":"2274375","countryOfProduction":"IT","energyClass":"C","capacity":"9 kg","productName":"Asciugatrice Bosch WQG243D8IT 9 kg","category":"TUMBLEDRYERS","productGroup":"tumbledryers20232534","productCode":"TD08"}
,{"gtin":"TUMBLEDRYERS09","model":"WQG235D1ES","brand":"Bosch","eprelCode":"2223869","countryOfProduction":"IT","energyClass":"C","capacity":"8 kg","productName":"Asciugatrice Bosch WQG235D1ES 8 kg","category":"TUMBLEDRYERS","productGroup":"tumbledryers20232534","productCode":"TD09"}
,{"gtin":"RANGEHOODS02","model":"HHDR90A35B1","brand":"Helvetia","eprelCode":"2296757","countryOfProduction":"IT","energyClass":"A","capacity":"N\\A","productName":"Cappa da cucina Helvetia HHDR90A35B1","category":"RANGEHOODS","productGroup":"rangehoods","productCode":"RH02"}
,{"gtin":"RANGEHOODS03","model":"HHCR60A31B1","brand":"Helvetia","eprelCode":"2190285","countryOfProduction":"IT","energyClass":"A+","capacity":"N\\A","productName":"Cappa da cucina Helvetia HHCR60A31B1","category":"RANGEHOODS","productGroup":"rangehoods","productCode":"RH03"}
,{"gtin":"RANGEHOODS04","model":"HHCR60A31N1","brand":"Helvetia","eprelCode":"2320751","countryOfProduction":"IT","energyClass":"A+","capacity":"N\\A","productName":"Cappa da cucina Helvetia HHCR60A31N1","category":"RANGEHOODS","productGroup":"rangehoods","productCode":"RH04"}
,{"gtin":"RANGEHOODS05","model":"HHDR90A35X1","brand":"Helvetia","eprelCode":"2180118","countryOfProduction":"IT","energyClass":"A","capacity":"N\\A","productName":"Cappa da cucina Helvetia HHDR90A35X1","category":"RANGEHOODS","productGroup":"rangehoods","productCode":"RH05"}
,{"gtin":"RANGEHOODS06","model":"HHGT60A37X1","brand":"Helvetia","eprelCode":"1910643","countryOfProduction":"IT","energyClass":"A","capacity":"N\\A","productName":"Cappa da cucina Helvetia HHGT60A37X1","category":"RANGEHOODS","productGroup":"rangehoods","productCode":"RH06"}
,{"gtin":"RANGEHOODS08","model":"HHCR60A31X1","brand":"Helvetia","eprelCode":"2190265","countryOfProduction":"IT","energyClass":"A+","capacity":"N\\A","productName":"Cappa da cucina Helvetia HHCR60A31X1","category":"RANGEHOODS","productGroup":"rangehoods","productCode":"RH08"}
,{"gtin":"RANGEHOODS09","model":"HHCR60A31N1","brand":"Helvetia","eprelCode":"2320751","countryOfProduction":"IT","energyClass":"A+","capacity":"N\\A","productName":"Cappa da cucina Helvetia HHCR60A31N1","category":"RANGEHOODS","productGroup":"rangehoods","productCode":"RH09"}
,{"gtin":"RANGEHOODS10","model":"HHDR60A35X1","brand":"Helvetia","eprelCode":"2180116","countryOfProduction":"IT","energyClass":"A","capacity":"N\\A","productName":"Cappa da cucina Helvetia HHDR60A35X1","category":"RANGEHOODS","productGroup":"rangehoods","productCode":"RH10"}
,{"gtin":"OVENS01","model":"CK501G-SL","brand":"KENWOOD","eprelCode":"2413748","countryOfProduction":"IT","energyClass":"A","capacity":"126 l","productName":"Forno KENWOOD CK501G-SL 126 l","category":"OVENS","productGroup":"ovens","productCode":"OV01"}
,{"gtin":"OVENS02","model":"CK501G","brand":"KENWOOD","eprelCode":"2413697","countryOfProduction":"IT","energyClass":"A","capacity":"126 l","productName":"Forno KENWOOD CK501G 126 l","category":"OVENS","productGroup":"ovens","productCode":"OV02"}
,{"gtin":"OVENS03","model":"CK600DFSL","brand":"KENWOOD","eprelCode":"2407176","countryOfProduction":"IT","energyClass":"A","capacity":"76 l / 47 l","productName":"Forno KENWOOD CK600DFSL 76 l / 47 l","category":"OVENS","productGroup":"ovens","productCode":"OV03"}
,{"gtin":"OVENS04","model":"CK500DF","brand":"KENWOOD","eprelCode":"2401282","countryOfProduction":"IT","energyClass":"A","capacity":"118 l","productName":"Forno KENWOOD CK500DF 118 l","category":"OVENS","productGroup":"ovens","productCode":"OV04"}
,{"gtin":"OVENS05","model":"KDC66SS22","brand":"Kenwood","eprelCode":"1236245","countryOfProduction":"IT","energyClass":"A","capacity":"39 l / 72 l","productName":"Forno Kenwood KDC66SS22 39 l / 72 l","category":"OVENS","productGroup":"ovens","productCode":"OV05"}
,{"gtin":"OVENS06","model":"CK 419 SLE","brand":"KENWOOD","eprelCode":"1296384","countryOfProduction":"IT","energyClass":"A","capacity":"70 l / 45 l","productName":"Forno KENWOOD CK 419 SLE 70 l / 45 l","category":"OVENS","productGroup":"ovens","productCode":"OV06"}
,{"gtin":"OVENS07","model":"CK109 SLE","brand":"KENWOOD","eprelCode":"1786982","countryOfProduction":"IT","energyClass":"A","capacity":"74 l","productName":"Forno KENWOOD CK109 SLE 74 l","category":"OVENS","productGroup":"ovens","productCode":"OV07"}
,{"gtin":"OVENS08","model":"KBUDOX21","brand":"Kenwood","eprelCode":"1099104","countryOfProduction":"IT","energyClass":"A","capacity":"38 l / 54 l","productName":"Forno Kenwood KBUDOX21 38 l / 54 l","category":"OVENS","productGroup":"ovens","productCode":"OV08"}
,{"gtin":"OVENS09","model":"KDC606B22","brand":"Kenwood","eprelCode":"1236241","countryOfProduction":"IT","energyClass":"A","capacity":"72 l / 39 l","productName":"Forno Kenwood KDC606B22 72 l / 39 l","category":"OVENS","productGroup":"ovens","productCode":"OV09"}
,{"gtin":"OVENS10","model":"KTG606S22","brand":"Kenwood","eprelCode":"1236256","countryOfProduction":"IT","energyClass":"A+","capacity":"71 l","productName":"Forno Kenwood KTG606S22 71 l","category":"OVENS","productGroup":"ovens","productCode":"OV10"}
,{"gtin":"WASHERDRIERS06","model":"F164X76BSTA","brand":"LG Electronics","eprelCode":"2394132","countryOfProduction":"IT","energyClass":"A","capacity":"11 kg","productName":"Lavasciuga LG Electronics F164X76BSTA 11 kg","category":"WASHERDRIERS","productGroup":"washerdriers2019","productCode":"WD06"}
,{"gtin":"WASHERDRIERS07","model":"F164X71WSTA","brand":"LG Electronics","eprelCode":"2409295","countryOfProduction":"IT","energyClass":"A","capacity":"11 kg","productName":"Lavasciuga LG Electronics F164X71WSTA 11 kg","category":"WASHERDRIERS","productGroup":"washerdriers2019","productCode":"WD07"}
,{"gtin":"WASHERDRIERS08","model":"W4X7016TWB","brand":"LG Electronics","eprelCode":"2413611","countryOfProduction":"IT","energyClass":"A","capacity":"11 kg","productName":"Lavasciuga LG Electronics W4X7016TWB 11 kg","category":"WASHERDRIERS","productGroup":"washerdriers2019","productCode":"WD08"}
,{"gtin":"DISHWASHERS01","model":"DFS 86850 SS","brand":"TEKA","eprelCode":"2345637","countryOfProduction":"IT","energyClass":"A","capacity":"14 c","productName":"Lavastoviglie TEKA DFS 86850 SS 14 c","category":"DISHWASHERS","productGroup":"dishwashers2019","productCode":"DW01"}
,{"gtin":"DISHWASHERS06","model":"DFI 76951","brand":"TEKA","eprelCode":"1951940","countryOfProduction":"IT","energyClass":"C","capacity":"16 c","productName":"Lavastoviglie TEKA DFI 76951 16 c","category":"DISHWASHERS","productGroup":"dishwashers2019","productCode":"DW06"}
,{"gtin":"DISHWASHERS09","model":"DFI 86850 XL","brand":"TEKA","eprelCode":"2345714","countryOfProduction":"IT","energyClass":"A","capacity":"16 c","productName":"Lavastoviglie TEKA DFI 86850 XL 16 c","category":"DISHWASHERS","productGroup":"dishwashers2019","productCode":"DW09"}
,{"gtin":"WASHING01","model":"WMW-8120DGI","brand":"ARDESTO","eprelCode":"2416717","countryOfProduction":"IT","energyClass":"A","capacity":"8 kg","productName":"Lavatrice ARDESTO WMW-8120DGI 8 kg","category":"WASHINGMACHINES","productGroup":"washingmachines2019","productCode":"WM01"}
,{"gtin":"WASHING02","model":"WMW-8103DGBD","brand":"ARDESTO","eprelCode":"2416729","countryOfProduction":"IT","energyClass":"A","capacity":"8 kg","productName":"Lavatrice ARDESTO WMW-8103DGBD 8 kg","category":"WASHINGMACHINES","productGroup":"washingmachines2019","productCode":"WM02"}
,{"gtin":"WASHING03","model":"WMS-7117IDGBDI","brand":"ARDESTO","eprelCode":"2416797","countryOfProduction":"IT","energyClass":"A","capacity":"7 kg","productName":"Lavatrice ARDESTO WMS-7117IDGBDI 7 kg","category":"WASHINGMACHINES","productGroup":"washingmachines2019","productCode":"WM03"}
,{"gtin":"WASHING04","model":"WMW-8105WI","brand":"ARDESTO","eprelCode":"2416734","countryOfProduction":"IT","energyClass":"A","capacity":"8 kg","productName":"Lavatrice ARDESTO WMW-8105WI 8 kg","category":"WASHINGMACHINES","productGroup":"washingmachines2019","productCode":"WM04"}
,{"gtin":"WASHING06","model":"WMS-7117IDGBD","brand":"ARDESTO","eprelCode":"1870420","countryOfProduction":"IT","energyClass":"A","capacity":"7 kg","productName":"Lavatrice ARDESTO WMS-7117IDGBD 7 kg","category":"WASHINGMACHINES","productGroup":"washingmachines2019","productCode":"WM06"}
,{"gtin":"WASHING07","model":"WMW-6105WI","brand":"ARDESTO","eprelCode":"2167647","countryOfProduction":"IT","energyClass":"A","capacity":"6 kg","productName":"Lavatrice ARDESTO WMW-6105WI 6 kg","category":"WASHINGMACHINES","productGroup":"washingmachines2019","productCode":"WM07"}
,{"gtin":"WASHING08","model":"WMS-6109S","brand":"ARDESTO","eprelCode":"703643","countryOfProduction":"IT","energyClass":"A","capacity":"6 kg","productName":"Lavatrice ARDESTO WMS-6109S 6 kg","category":"WASHINGMACHINES","productGroup":"washingmachines2019","productCode":"WM08"}
,{"gtin":"WASHING10","model":"WMS-6115DG","brand":"ARDESTO","eprelCode":"703651","countryOfProduction":"IT","energyClass":"A","capacity":"6 kg","productName":"Lavatrice ARDESTO WMS-6115DG 6 kg","category":"WASHINGMACHINES","productGroup":"washingmachines2019","productCode":"WM10"}
,{"gtin":"thumble01","model":"WQB246DLSN","brand":"Bosch","eprelCode":"2274343","countryOfProduction":"IT","energyClass":"B","capacity":"9 kg","productName":"Asciugatrice Bosch WQB246DLSN 9 kg","category":"TUMBLEDRYERS","productGroup":"tumbledryers20232534","productCode":"th01"}
,{"gtin":"prova002","model":"WQG243DR10","brand":"Bosch","eprelCode":"2274382","countryOfProduction":"IT","energyClass":"C","capacity":"9 kg","productName":"Asciugatrice Bosch WQG243DR10 9 kg","category":"TUMBLEDRYERS","productGroup":"tumbledryers20232534","productCode":"pr02"}
,{"gtin":"aaa03","model":"WQB246DNCS","brand":"Bosch","eprelCode":"2274348","countryOfProduction":"IT","energyClass":"B","capacity":"9 kg","productName":"Asciugatrice Bosch WQB246DNCS 9 kg","category":"TUMBLEDRYERS","productGroup":"tumbledryers20232534","productCode":"aa03"}
]